{
  "aggregate": {
    "completed_indices": [
      0,
      1,
      2,
      3,
      4,
      5,
      6,
      7
    ],
    "completed_terms": 8,
    "hardware_fraction_of_tracker_global_reference": 0.25411366171374666,
    "hardware_lower95_normal_approx": 0.19640679754155269,
    "hardware_standard_deviation": 0.01873524110314466,
    "hardware_standard_error": 0.00662390801559926,
    "hardware_upper95_normal_approx": 0.2223725169627018,
    "mean_hardware_global_rescaled_ratio": 0.20938965725212724,
    "mean_local_mps_weighted_term_bd64": 0.35326719781112,
    "ratio_of_hardware_mean_to_local_mps_mean": 0.5927231810638722,
    "target_terms": 8,
    "tracker_global_rescale_reference": 0.824
  },
  "captured_at_utc": "2026-04-30T13:23:23.540540+00:00",
  "hardware_config": {
    "backend": "ibm_kingston",
    "dd_sequence": "XY4",
    "initial_layout": [
      3,
      4,
      5,
      6,
      7,
      8,
      9,
      10,
      11,
      16,
      17,
      18,
      21,
      22,
      23,
      24,
      25,
      26,
      27,
      28,
      29,
      30,
      31,
      36,
      37,
      38,
      41,
      42,
      43,
      44,
      45,
      46,
      47,
      48,
      49,
      50,
      51,
      56,
      57,
      58,
      63,
      64,
      65,
      66,
      67,
      68,
      69,
      70,
      71
    ],
    "optimization_level": 1,
    "seed_transpiler": 424242,
    "shots": 5271,
    "twirling_num_randomizations": 21,
    "twirling_shots_per_randomization": 251
  },
  "manifest": "data/results/hardware/operator_loschmidt_echo_49x648_unbiased_uniform8_hardware_manifest_seed20260430_20260430.json",
  "purpose": "Unbiased uniform Monte Carlo hardware tracker result for the predeclared seed-20260430 sample.",
  "records": [
    {
      "bitstring": "1101100110100111101101000110010000001001100111101",
      "delta0_depth": 2,
      "delta0_two_qubit_gate_count": 0,
      "delta_depth": 167,
      "delta_two_qubit_gate_count": 390,
      "hardware_delta0_weighted_term": 0.9324606336558529,
      "hardware_delta_weighted_term": 0.17700626067159936,
      "hardware_global_rescaled_ratio": 0.1898270600203459,
      "hardware_job_id": "d7plbjhoagoc73fideo0",
      "local_mps_weighted_term_bd64": 0.3920124938548949,
      "source_path": "data/results/hardware/operator_loschmidt_echo_49x648_ibm_kingston_unbiased_uniform0_seed20260430_global_rescale_21x251_20260430.json",
      "uniform_index": 0
    },
    {
      "bitstring": "0101101000111000111100100110111011000100101011000",
      "delta0_depth": 2,
      "delta0_two_qubit_gate_count": 0,
      "delta_depth": 167,
      "delta_two_qubit_gate_count": 390,
      "hardware_delta0_weighted_term": 0.92676911402011,
      "hardware_delta_weighted_term": 0.21191424777082143,
      "hardware_global_rescaled_ratio": 0.22865916069600817,
      "hardware_job_id": "d7plbvk3lfgs73fg410g",
      "local_mps_weighted_term_bd64": 0.18905072222218788,
      "source_path": "data/results/hardware/operator_loschmidt_echo_49x648_ibm_kingston_unbiased_uniform1_seed20260430_global_rescale_21x251_20260430.json",
      "uniform_index": 1
    },
    {
      "bitstring": "0001011101100010111000111001010101101011010110001",
      "delta0_depth": 2,
      "delta0_two_qubit_gate_count": 0,
      "delta_depth": 167,
      "delta_two_qubit_gate_count": 390,
      "hardware_delta0_weighted_term": 0.9199392904572187,
      "hardware_delta_weighted_term": 0.18535382280402202,
      "hardware_global_rescaled_ratio": 0.2014848422355125,
      "hardware_job_id": "d7plcae7g7gs73cf3bv0",
      "local_mps_weighted_term_bd64": 0.4338017481906194,
      "source_path": "data/results/hardware/operator_loschmidt_echo_49x648_ibm_kingston_unbiased_uniform2_seed20260430_global_rescale_21x251_20260430.json",
      "uniform_index": 2
    },
    {
      "bitstring": "0110001100110101101000010011011010000000111111010",
      "delta0_depth": 2,
      "delta0_two_qubit_gate_count": 0,
      "delta_depth": 167,
      "delta_two_qubit_gate_count": 390,
      "hardware_delta0_weighted_term": 0.9427053690001899,
      "hardware_delta_weighted_term": 0.17776512995636504,
      "hardware_global_rescaled_ratio": 0.18856912859730326,
      "hardware_job_id": "d7pld71oagoc73fidh9g",
      "local_mps_weighted_term_bd64": 0.29233469150642644,
      "source_path": "data/results/hardware/operator_loschmidt_echo_49x648_ibm_kingston_unbiased_uniform3_seed20260430_global_rescale_21x251_20260430.json",
      "uniform_index": 3
    },
    {
      "bitstring": "0010111101110010001011010000000000101010000011000",
      "delta0_depth": 2,
      "delta0_two_qubit_gate_count": 0,
      "delta_depth": 167,
      "delta_two_qubit_gate_count": 390,
      "hardware_delta0_weighted_term": 0.9419464997154241,
      "hardware_delta_weighted_term": 0.20811990134699304,
      "hardware_global_rescaled_ratio": 0.2209466263846929,
      "hardware_job_id": "d7pldm625ies7395td8g",
      "local_mps_weighted_term_bd64": 0.527166571531352,
      "source_path": "data/results/hardware/operator_loschmidt_echo_49x648_ibm_kingston_unbiased_uniform4_seed20260430_global_rescale_21x251_20260430.json",
      "uniform_index": 4
    },
    {
      "bitstring": "1010100000101101011101101101110010001110100100100",
      "delta0_depth": 1,
      "delta0_two_qubit_gate_count": 0,
      "delta_depth": 167,
      "delta_two_qubit_gate_count": 390,
      "hardware_delta0_weighted_term": 0.9210775943843673,
      "hardware_delta_weighted_term": 0.21988237526086135,
      "hardware_global_rescaled_ratio": 0.23872296601441817,
      "hardware_job_id": "d7ple1e7g7gs73cf3ef0",
      "local_mps_weighted_term_bd64": 0.3071106416525466,
      "source_path": "data/results/hardware/operator_loschmidt_echo_49x648_ibm_kingston_unbiased_uniform5_seed20260430_global_rescale_21x251_20260430.json",
      "uniform_index": 5
    },
    {
      "bitstring": "1101010100101000001011110001110111001100011111001",
      "delta0_depth": 2,
      "delta0_two_qubit_gate_count": 0,
      "delta_depth": 167,
      "delta_two_qubit_gate_count": 390,
      "hardware_delta0_weighted_term": 0.8668184405236198,
      "hardware_delta_weighted_term": 0.16903813318155944,
      "hardware_global_rescaled_ratio": 0.1950098489822718,
      "hardware_job_id": "d7plejm25ies7395tep0",
      "local_mps_weighted_term_bd64": 0.3293421951565985,
      "source_path": "data/results/hardware/operator_loschmidt_echo_49x648_ibm_kingston_unbiased_uniform6_seed20260430_global_rescale_21x251_20260430.json",
      "uniform_index": 6
    },
    {
      "bitstring": "0101111001001110011000011110011000001100101100010",
      "delta0_depth": 1,
      "delta0_two_qubit_gate_count": 0,
      "delta_depth": 167,
      "delta_two_qubit_gate_count": 390,
      "hardware_delta0_weighted_term": 0.8228040220072093,
      "hardware_delta_weighted_term": 0.17435021817491936,
      "hardware_global_rescaled_ratio": 0.21189762508646529,
      "hardware_job_id": "d7plf0s3lfgs73fg4500",
      "local_mps_weighted_term_bd64": 0.35531851837433404,
      "source_path": "data/results/hardware/operator_loschmidt_echo_49x648_ibm_kingston_unbiased_uniform7_seed20260430_global_rescale_21x251_20260430.json",
      "uniform_index": 7
    }
  ],
  "sampling": {
    "random_seed": 20260430,
    "sample_count": 8,
    "source_local_mps_artifact": "data/results/operator_loschmidt_echo_49x648_uniform_mps_pilot8_seed20260430_bd64_thr1e-8.json",
    "strategy": "uniform_random_basis_states_no_forced_zero"
  },
  "verdict": {
    "finite_sample": true,
    "hardware_complete": true,
    "postselection_or_filtering": false,
    "reason": "Uniform random basis strings were predeclared from seed 20260430; all submitted terms are included in the aggregate.",
    "sample_unbiased": true,
    "tracker_result_complete": true
  }
}